Season,TeamID,W,L,AvgScore,AvgFGM,AvgFGA,AvgFGM3,AvgFGA3,AvgFTM,AvgFTA,AvgOR,AvgDR,AvgAst,AvgTO,AvgStl,AvgBlk,AvgPF,AvgOppScore,AvgOppFGM,AvgOppFGA,AvgOppFGM3,AvgOppFGA3,AvgOppFTM,AvgOppFTA,AvgOppOR,AvgOppDR,AvgOppAst,AvgOppTO,AvgOppStl,AvgOppBlk,AvgOppPF,Seed
2018,1104,17,11,73.35714285714286,25.82142857142857,55.07142857142857,6.357142857142858,19.392857142857142,15.357142857142858,22.75,8.357142857142858,25.142857142857146,12.857142857142858,13.928571428571427,6.571428571428571,5.857142857142858,19.0,69.39285714285714,24.07142857142857,59.10714285714285,6.857142857142858,21.785714285714285,14.392857142857142,21.107142857142858,9.678571428571429,22.57142857142857,11.571428571428573,12.785714285714285,6.7142857142857135,3.5,19.75,9
2018,1112,22,6,80.76984126984128,28.86111111111111,56.5515873015873,7.134920634920635,18.29365079365079,15.912698412698411,20.87301587301587,8.662698412698411,25.15079365079365,15.626984126984127,11.892857142857142,4.956349206349207,4.634920634920634,17.9484126984127,71.03571428571429,24.99603174603175,57.57142857142857,7.246031746031747,19.93253968253968,13.797619047619053,18.829365079365076,7.333333333333334,18.642857142857142,12.579365079365079,11.654761904761903,5.980158730158731,2.8253968253968256,19.62698412698413,4
2018,1113,19,8,83.1275720164609,27.847736625514408,59.92181069958848,8.847736625514402,24.23456790123457,18.58436213991769,25.06584362139918,8.452674897119339,24.201646090534982,14.304526748971195,10.637860082304528,6.584362139917697,3.5390946502057608,18.45267489711934,74.18930041152264,26.13991769547325,60.2962962962963,8.345679012345679,24.60905349794239,13.563786008230453,18.757201646090536,9.378600823045268,23.374485596707817,15.078189300411525,14.345679012345679,5.148148148148149,3.732510288065843,21.588477366255145,11
2018,1116,19,9,81.48015873015872,29.411904761904758,61.22222222222222,7.925396825396825,20.042063492063487,14.730952380952385,22.090476190476192,8.676190476190476,23.364285714285717,14.785714285714285,10.609523809523813,6.426984126984128,4.672222222222223,20.120634920634924,74.65238095238094,24.80873015873016,57.86111111111111,8.106349206349206,23.493650793650797,16.928571428571427,23.711111111111112,9.596825396825396,23.13492063492064,13.489682539682539,13.634126984126985,4.8158730158730165,3.509523809523809,19.035714285714285,7
2018,1120,24,4,84.92857142857143,27.82142857142857,62.07142857142857,9.928571428571429,26.32142857142857,19.357142857142858,24.785714285714285,11.071428571428573,24.285714285714285,14.857142857142858,12.107142857142858,7.642857142857142,5.75,19.678571428571427,72.57142857142857,24.285714285714285,57.78571428571429,7.7857142857142865,22.75,16.214285714285715,21.928571428571423,8.785714285714286,22.321428571428577,12.428571428571427,15.321428571428573,6.2857142857142865,3.25,20.857142857142858,4
2018,1137,21,9,79.58148148148149,27.262962962962963,58.33703703703703,7.7444444444444445,22.74814814814815,17.311111111111117,24.01851851851852,7.988888888888888,25.792592592592587,14.007407407407408,12.41111111111111,5.574074074074074,4.2740740740740755,18.585185185185185,73.03703703703702,25.774074074074072,60.26666666666666,6.466666666666668,19.288888888888884,15.022222222222224,21.355555555555554,8.618518518518519,23.922222222222228,12.777777777777775,12.251851851851852,6.7,3.2740740740740737,20.729629629629628,14
2018,1138,19,8,82.74074074074075,29.946502057613174,63.773662551440324,9.683127572016463,26.156378600823043,13.164609053497946,19.115226337448558,9.621399176954732,24.279835390946502,16.48559670781893,12.810699588477368,6.127572016460906,4.1234567901234565,21.419753086419753,76.8477366255144,26.0164609053498,59.58024691358025,6.711934156378599,19.695473251028808,18.10288065843621,24.353909465020582,8.419753086419753,23.707818930041157,11.514403292181067,12.979423868312757,5.617283950617285,3.8930041152263377,18.56378600823045,13
2018,1139,19,10,79.10421455938695,29.19157088122605,60.891187739463604,8.144061302681994,22.134865900383144,12.577011494252876,16.179310344827584,7.3356321839080465,23.29731800766284,14.224521072796936,10.773946360153255,6.680459770114942,2.9923371647509582,18.021455938697322,70.79233716475099,24.59923371647509,55.1455938697318,7.72183908045977,20.91724137931034,13.872030651340994,19.09961685823755,6.641379310344826,22.432183908045975,12.48352490421456,13.609961685823755,4.942528735632184,3.347126436781609,16.911877394636015,10
2018,1153,24,4,75.82142857142857,26.5,58.42857142857143,7.4642857142857135,20.857142857142858,15.357142857142858,22.25,11.535714285714285,24.285714285714285,16.214285714285715,11.392857142857142,7.642857142857142,5.571428571428571,16.178571428571427,56.89285714285714,20.107142857142858,54.67857142857143,6.25,20.392857142857142,10.428571428571429,15.535714285714285,8.0,19.714285714285715,9.857142857142858,14.75,4.964285714285714,3.1428571428571432,19.178571428571427,2
2018,1155,20,7,73.22222222222223,25.67078189300411,55.987654320987644,8.411522633744855,22.534979423868307,13.469135802469134,18.06584362139918,7.641975308641975,25.40329218106995,13.427983539094653,12.057613168724279,5.827160493827161,5.148148148148149,15.650205761316874,65.12345679012347,23.604938271604944,57.34567901234568,7.407407407407407,21.012345679012352,10.506172839506169,15.016460905349794,7.6378600823045275,22.37037037037037,11.152263374485596,12.106995884773662,5.7901234567901225,3.5144032921810697,16.991769547325102,5
2018,1158,21,6,72.93827160493827,25.0,54.57613168724279,7.267489711934157,20.189300411522638,15.670781893004115,20.44855967078189,6.938271604938271,22.806584362139915,10.76954732510288,9.493827160493826,5.144032921810701,3.6172839506172836,16.514403292181072,67.25925925925925,23.73662551440329,55.41563786008231,6.711934156378602,19.81069958847737,13.074074074074074,17.423868312757207,8.197530864197532,22.168724279835388,11.502057613168724,11.370370370370367,3.9465020576131686,3.004115226337449,18.020576131687246,13
2018,1166,18,9,84.55555555555556,30.703703703703702,61.37037037037037,10.370370370370368,27.444444444444446,12.777777777777779,16.814814814814813,6.296296296296298,27.0,17.962962962962962,11.481481481481481,5.296296296296297,2.333333333333333,15.0,75.25925925925925,28.259259259259263,63.88888888888889,7.777777777777778,23.407407407407412,10.962962962962964,14.962962962962965,7.962962962962963,24.18518518518519,14.333333333333336,11.074074074074074,6.333333333333332,2.851851851851852,16.74074074074074,8
2018,1168,13,10,71.34299516908213,23.946859903381643,51.32367149758454,5.449275362318841,15.193236714975846,18.0,24.719806763285032,6.652173913043479,23.294685990338163,11.879227053140097,14.753623188405795,6.299516908212559,3.3526570048309177,18.2512077294686,72.20289855072463,24.88888888888889,57.468599033816425,7.004830917874397,19.328502415458935,15.420289855072465,20.227053140096622,8.323671497584543,21.2512077294686,13.2463768115942,12.874396135265703,5.961352657004831,3.8019323671497594,20.371980676328498,15
2018,1172,16,10,76.19230769230771,27.76923076923077,57.07692307692307,10.653846153846152,27.538461538461537,10.0,12.846153846153848,6.153846153846153,24.30769230769231,17.153846153846153,9.384615384615383,4.9230769230769225,2.0384615384615383,15.0,66.80769230769229,24.115384615384613,54.80769230769231,8.076923076923077,22.961538461538463,10.5,15.423076923076925,6.1923076923076925,22.23076923076923,12.846153846153848,10.461538461538463,5.0769230769230775,2.4230769230769234,15.269230769230768,12
2018,1181,23,5,86.84126984126983,31.23809523809524,62.4484126984127,8.595238095238095,21.857142857142854,15.769841269841269,22.25,12.265873015873014,27.0515873015873,17.738095238095234,11.984126984126986,7.2896825396825395,5.416666666666666,16.02777777777778,70.44047619047619,25.880952380952376,64.32936507936508,7.8055555555555545,23.265873015873016,10.873015873015873,14.595238095238097,9.424603174603176,19.48015873015873,13.765873015873014,11.460317460317462,5.519841269841269,2.738095238095238,18.896825396825395,2
2018,1196,17,11,75.2547619047619,25.926984126984127,60.148412698412706,8.735714285714286,23.584126984126982,14.665079365079364,20.0,9.32460317460317,22.901587301587305,12.696031746031746,9.342857142857145,6.86904761904762,4.677777777777777,16.826190476190472,68.85714285714286,24.34761904761905,56.38809523809525,6.86904761904762,19.1,13.292857142857144,17.678571428571427,7.973809523809522,24.36666666666667,11.7,13.348412698412698,4.516666666666667,3.151587301587301,17.78412698412698,6
2018,1199,19,8,81.49465020576133,29.15473251028807,61.285596707818925,8.157201646090536,22.680658436214,15.027983539094649,21.83868312757201,10.631275720164613,24.36872427983539,15.298765432098765,12.575308641975308,6.7102880658436215,4.6378600823045275,17.814814814814813,72.06584362139918,25.293004115226342,60.89876543209876,7.9037037037037035,22.997530864197532,13.576131687242796,18.73909465020576,9.3761316872428,21.812345679012353,12.339917695473252,13.744032921810698,5.8353909465020575,2.7423868312757205,18.590123456790124,9
2018,1209,18,8,72.82478632478633,25.95726495726496,56.51282051282052,8.88034188034188,23.13675213675214,12.02991452991453,17.662393162393165,7.388888888888888,22.70512820512821,12.65811965811966,11.068376068376066,7.025641025641026,4.495726495726496,17.717948717948715,65.91025641025641,21.78205128205128,55.10256410256411,8.632478632478634,24.85897435897436,13.713675213675213,20.09401709401709,10.247863247863249,23.106837606837605,12.97863247863248,14.055555555555555,4.995726495726496,3.435897435897436,16.337606837606838,15
2018,1211,26,4,83.65555555555554,30.43185185185185,60.92888888888889,8.766666666666667,24.04148148148148,14.025185185185185,19.337037037037035,9.90888888888889,25.764444444444447,15.538518518518519,10.932592592592592,6.471111111111112,3.748888888888889,17.035555555555558,66.48962962962963,23.40592592592593,57.3237037037037,7.29037037037037,20.49333333333333,12.387407407407407,17.274074074074072,6.75111111111111,20.26,10.894074074074075,12.008888888888887,4.925925925925926,2.543703703703704,18.21185185185185,4
2018,1222,21,6,77.03703703703705,27.48148148148148,59.5925925925926,8.555555555555555,22.296296296296298,13.518518518518519,18.85185185185185,10.555555555555557,25.555555555555557,14.925925925925926,12.111111111111109,6.481481481481483,3.111111111111111,20.925925925925924,65.5925925925926,21.407407407407412,54.22222222222222,6.888888888888888,20.88888888888889,15.888888888888891,22.444444444444446,7.962962962962963,20.0,11.148148148148149,13.148148148148149,5.296296296296297,2.6666666666666665,18.51851851851852,6
2018,1233,16,12,77.78333333333333,28.01666666666667,60.70555555555556,9.658730158730156,25.18333333333333,12.091269841269838,16.474603174603168,7.365079365079366,23.311904761904763,16.15396825396825,11.296825396825394,6.507142857142859,3.0928571428571425,16.73095238095238,74.56111111111113,27.672222222222217,60.46269841269842,7.593650793650795,21.35793650793651,11.623015873015873,17.15952380952381,9.357142857142858,24.66746031746032,14.646825396825395,12.525396825396824,4.765873015873017,2.7063492063492065,16.026984126984125,15
2018,1242,22,6,82.39285714285714,30.214285714285715,61.28571428571429,10.214285714285714,25.75,11.75,16.535714285714285,8.535714285714286,24.464285714285715,17.214285714285715,11.214285714285712,6.7857142857142865,4.392857142857143,15.392857142857142,70.82142857142857,25.92857142857143,61.82142857142857,7.892857142857142,23.92857142857143,11.071428571428573,15.5,9.857142857142858,22.5,12.75,13.035714285714285,5.428571428571429,3.5,17.071428571428573,1
2018,1243,20,8,72.92857142857143,25.714285714285715,54.5,7.5,20.964285714285715,14.0,18.678571428571427,7.178571428571429,20.75,14.464285714285715,10.928571428571427,7.5357142857142865,3.071428571428572,18.428571428571427,66.92857142857143,22.642857142857146,53.78571428571429,6.892857142857142,21.428571428571427,14.75,19.535714285714285,9.392857142857142,21.285714285714285,12.428571428571427,13.821428571428573,5.321428571428571,2.321428571428572,18.607142857142858,9
2018,1246,19,9,75.88492063492063,26.99206349206349,58.1031746031746,4.8730158730158735,14.658730158730162,17.02777777777778,24.57142857142857,11.107142857142858,25.904761904761894,13.15079365079365,13.392857142857142,5.654761904761903,5.019841269841269,19.09126984126984,70.46428571428571,24.781746031746028,60.40873015873015,7.357142857142858,25.257936507936506,13.543650793650794,19.58730158730159,9.861111111111109,20.678571428571427,13.301587301587302,11.591269841269838,5.8809523809523805,3.9166666666666665,20.15873015873016,5
2018,1252,17,9,78.03418803418803,26.700000000000006,59.5982905982906,7.173504273504274,22.552991452991446,17.46068376068376,24.22820512820513,8.999145299145301,25.55726495726495,13.866666666666665,15.096581196581194,5.87948717948718,2.8076923076923075,20.052136752136754,77.13333333333334,27.08974358974359,58.84273504273504,7.054700854700855,20.994017094017085,15.899145299145298,22.949572649572648,7.163247863247862,24.323076923076922,13.399145299145298,14.55811965811966,7.203418803418804,4.588034188034189,21.08205128205128,15
2018,1254,13,16,76.22605363984675,26.337164750957857,58.18773946360153,7.919540229885057,22.858237547892717,15.632183908045974,22.64367816091954,9.24137931034483,25.44444444444445,12.25287356321839,14.111111111111109,5.4367816091954015,3.126436781609196,19.6360153256705,77.93486590038314,28.42145593869732,62.386973180076616,7.252873563218389,21.367816091954023,13.839080459770114,20.153256704980844,9.199233716475096,23.11494252873563,13.279693486590038,11.544061302681992,6.862068965517241,2.78544061302682,20.4367816091954,16
2018,1260,23,5,73.03571428571429,26.42857142857143,51.07142857142857,7.357142857142858,17.571428571428573,12.821428571428573,17.428571428571427,4.964285714285714,24.32142857142857,15.428571428571427,12.392857142857142,6.5,2.4285714285714284,14.607142857142858,63.25,23.107142857142854,55.28571428571429,6.5357142857142865,19.821428571428573,10.5,15.0,7.857142857142858,20.071428571428573,11.5,12.928571428571427,6.607142857142858,3.0357142857142856,16.928571428571427,11
2018,1267,18,9,82.37448559670783,28.769547325102877,61.304526748971185,9.707818930041153,27.641975308641978,15.127572016460904,19.954732510288068,6.469135802469137,25.4238683127572,16.96707818930041,13.304526748971195,6.4567901234567895,6.032921810699588,17.34567901234568,78.72427983539094,29.465020576131682,65.86831275720165,7.032921810699589,19.415637860082306,12.761316872427983,18.958847736625515,10.76543209876543,25.695473251028808,14.658436213991774,13.905349794238687,6.777777777777778,2.7448559670781894,18.62139917695473,13
2018,1274,19,8,73.18106995884773,27.053497942386823,58.189300411522616,7.646090534979423,21.2880658436214,11.427983539094651,17.411522633744855,8.304526748971194,23.71604938271605,13.098765432098766,10.9917695473251,6.65432098765432,3.9958847736625516,15.781893004115226,65.67489711934158,24.049382716049386,57.17283950617285,6.423868312757202,20.016460905349795,11.152263374485598,15.329218106995885,8.11111111111111,22.67489711934156,12.160493827160494,12.518518518518519,5.584362139917696,3.2839506172839505,16.51440329218107,6
2018,1276,22,7,72.34099616858238,26.50191570881226,56.99616858237548,8.862068965517242,24.559386973180075,10.475095785440613,15.946360153256705,7.6321839080459775,23.18390804597701,14.620689655172415,8.90038314176245,6.1915708812260535,3.0613026819923372,15.21072796934866,62.90421455938697,23.10727969348659,52.54022988505747,5.620689655172414,15.482758620689655,11.06896551724138,15.639846743295019,6.233716475095784,22.915708812260537,10.478927203065137,12.800766283524904,4.295019157088122,3.3601532567049808,17.160919540229887,3
2018,1277,27,3,82.28518518518518,28.988888888888887,56.477777777777774,8.533333333333333,20.262962962962966,15.774074074074075,21.174074074074074,9.84074074074074,28.959259259259266,20.096296296296302,12.985185185185184,4.122222222222224,7.503703703703704,17.996296296296297,64.4,22.13333333333333,61.35185185185186,7.314814814814816,21.93333333333333,12.818518518518516,17.61111111111111,8.833333333333334,18.18888888888889,12.42222222222222,9.766666666666667,6.244444444444443,2.5296296296296297,20.192592592592593,3
2018,1281,17,10,73.38683127572016,24.444444444444446,52.96296296296296,9.378600823045266,23.94238683127572,15.119341563786008,20.20164609053498,8.25514403292181,25.374485596707817,13.94650205761317,13.938271604938269,5.176954732510288,4.374485596707819,17.613168724279834,67.24279835390946,23.958847736625515,59.65432098765432,6.658436213991768,21.477366255144034,12.666666666666664,17.267489711934154,8.617283950617283,19.777777777777782,11.061728395061726,10.687242798353909,6.54320987654321,3.45679012345679,18.97942386831276,8
2018,1285,18,7,75.89333333333333,26.88,58.13333333333333,5.551111111111113,16.684444444444445,16.58222222222222,22.968888888888888,9.871111111111109,22.884444444444448,12.542222222222225,12.293333333333333,7.906666666666667,3.3866666666666663,21.813333333333336,67.75555555555555,22.20888888888889,52.64,5.964444444444443,16.951111111111118,17.37333333333333,23.742222222222217,7.822222222222222,21.417777777777783,10.062222222222225,15.115555555555556,4.951111111111112,4.031111111111112,19.835555555555555,14
2018,1293,21,5,78.19230769230771,27.23076923076923,56.69230769230769,8.5,22.346153846153847,15.230769230769232,20.80769230769231,9.26923076923077,24.30769230769231,14.653846153846152,11.461538461538463,6.538461538461537,3.1923076923076925,17.384615384615387,66.80769230769229,23.69230769230769,57.03846153846154,6.384615384615384,20.53846153846154,13.038461538461537,17.80769230769231,8.538461538461537,19.884615384615387,9.76923076923077,12.076923076923075,5.5,3.3076923076923075,17.69230769230769,12
2018,1300,11,13,70.05555555555556,25.98148148148148,55.71296296296296,6.143518518518518,17.166666666666668,11.949074074074074,17.407407407407412,8.986111111111109,23.092592592592588,14.481481481481481,14.24074074074074,4.532407407407407,3.430555555555556,19.73148148148148,70.81944444444444,24.699074074074076,57.106481481481495,7.2592592592592595,21.282407407407412,14.162037037037036,20.041666666666668,8.824074074074074,21.240740740740737,13.453703703703706,10.777777777777775,4.9305555555555545,3.101851851851852,15.879629629629626,16
2018,1301,19,9,80.65873015873015,28.972222222222218,61.805555555555564,7.547619047619048,21.345238095238102,15.166666666666668,21.571428571428577,10.42063492063492,22.067460317460323,16.17063492063492,12.25,7.583333333333332,3.8849206349206344,18.142857142857142,73.67460317460316,27.06349206349207,58.75,6.198412698412698,19.28174603174603,13.34920634920635,19.277777777777782,9.488095238095235,22.027777777777782,13.59920634920635,14.623015873015873,6.3730158730158735,3.8650793650793656,18.321428571428573,9
2018,1305,24,5,81.96398467432952,27.545593869731803,58.367049808429115,9.547126436781609,23.871264367816092,17.325670498084293,23.017624521072804,7.9432950191570875,25.2551724137931,16.205363984674328,9.95095785440613,6.183141762452108,3.8957854406130266,16.882758620689653,70.58927203065134,25.37624521072797,59.596934865900394,7.343295019157088,23.690421455938694,12.493486590038312,17.702681992337165,8.744827586206897,22.89731800766283,12.410727969348658,12.567816091954025,4.485823754789273,2.7601532567049807,19.539463601532567,7
2018,1308,20,5,73.6,27.742222222222217,61.33333333333333,7.288888888888889,22.40888888888889,10.826666666666668,16.662222222222226,11.368888888888891,26.4,13.502222222222226,11.835555555555556,5.337777777777778,2.9466666666666668,17.63111111111111,63.915555555555564,22.284444444444446,55.391111111111115,6.417777777777778,20.626666666666665,12.928888888888887,18.106666666666673,7.177777777777778,22.52444444444445,9.293333333333333,13.4,4.386666666666667,2.4711111111111106,17.0,12
2018,1314,22,7,83.09961685823754,30.509578544061302,65.3793103448276,8.260536398467432,22.168582375478927,13.819923371647509,18.681992337164754,11.988505747126435,27.475095785440608,18.095785440613028,12.049808429118777,5.463601532567051,4.352490421455939,15.551724137931034,73.08429118773947,26.31800766283525,62.19157088122606,9.977011494252872,26.057471264367813,10.471264367816092,15.655172413793107,7.785440613026821,20.44444444444445,14.923371647509578,11.379310344827585,5.977011494252873,4.681992337164751,18.103448275862068,2
2018,1326,23,7,75.6888888888889,27.74444444444445,56.940740740740736,6.714814814814815,18.977777777777774,13.485185185185184,18.5,8.481481481481483,25.64074074074074,14.618518518518519,11.577777777777778,5.985185185185184,3.7592592592592586,17.222222222222225,65.98518518518519,23.40740740740741,56.411111111111104,7.777777777777778,22.785185185185185,11.392592592592592,16.125925925925927,7.088888888888889,20.64814814814815,11.703703703703704,11.981481481481485,5.092592592592593,2.592592592592593,17.703703703703702,5
2018,1328,16,11,86.24691358024694,30.18518518518519,64.06995884773663,9.621399176954732,26.053497942386826,16.25514403292181,21.39506172839506,9.045267489711932,26.40329218106995,15.415637860082304,13.283950617283953,6.526748971193415,4.8271604938271615,17.131687242798353,82.07407407407408,30.18930041152264,67.37860082304529,9.543209876543207,25.592592592592588,12.152263374485596,17.119341563786012,9.958847736625515,24.320987654320987,14.876543209876544,12.419753086419751,6.810699588477366,4.5020576131687235,17.876543209876548,10
2018,1335,18,7,72.58311111111111,26.075555555555557,58.14133333333334,8.253333333333334,24.40888888888889,12.178666666666665,18.857777777777773,7.538666666666668,25.75377777777777,14.737777777777776,11.628444444444444,5.707555555555556,2.5671111111111107,16.914666666666665,67.56,24.249777777777773,57.60977777777778,5.681777777777778,18.842666666666666,13.378666666666668,18.18755555555556,7.166222222222222,25.522666666666666,9.520888888888887,11.792888888888886,5.2604444444444445,2.864888888888889,18.522666666666666,16
2018,1344,17,11,73.76587301587301,25.5,57.305555555555564,6.650793650793651,19.011904761904766,16.115079365079364,23.218253968253972,8.904761904761902,23.43253968253969,13.670634920634921,12.36904761904762,6.853174603174603,3.8412698412698414,17.817460317460316,72.37301587301587,25.984126984126984,58.130952380952365,6.849206349206349,21.69444444444445,13.555555555555555,18.63888888888889,8.484126984126984,24.25793650793651,12.36904761904762,13.111111111111109,6.6230158730158735,3.4047619047619047,19.722222222222225,10
2018,1345,25,5,81.35555555555554,28.185185185185183,56.81481481481482,9.496296296296297,22.66666666666667,15.488888888888885,20.707407407407405,7.174074074074074,25.059259259259264,17.085185185185185,10.637037037037038,6.040740740740741,5.151851851851851,15.207407407407407,64.77777777777777,24.325925925925933,59.6037037037037,6.9,20.68148148148148,9.225925925925926,13.622222222222225,8.474074074074075,20.64444444444445,12.181481481481484,12.114814814814816,5.237037037037037,2.4851851851851854,18.814814814814817,2
2018,1347,16,12,66.30555555555556,23.392857142857146,54.2579365079365,7.615079365079366,21.71031746031746,11.904761904761903,16.321428571428573,9.198412698412698,20.936507936507933,12.031746031746032,11.638888888888891,6.063492063492062,2.9761904761904754,16.92063492063492,65.48015873015873,22.797619047619047,52.48809523809525,6.976190476190476,19.988095238095237,12.908730158730162,17.103174603174605,7.5396825396825395,20.321428571428573,11.317460317460318,12.230158730158731,5.5515873015873005,3.1944444444444446,16.52777777777778,16
2018,1348,22,4,77.47863247863249,28.538461538461537,60.688034188034194,6.487179487179486,18.188034188034187,13.914529914529915,19.02136752136752,9.363247863247864,21.491452991452995,15.29059829059829,10.662393162393162,7.713675213675213,3.632478632478633,19.615384615384613,67.44871794871796,23.303418803418804,51.62820512820512,4.901709401709402,15.02136752136752,15.940170940170939,21.76068376068376,7.341880341880341,22.555555555555557,11.384615384615385,15.769230769230768,5.555555555555557,3.217948717948718,17.970085470085472,7
2018,1355,20,6,81.9769230769231,27.558119658119654,59.63760683760684,10.13076923076923,25.94786324786325,16.72991452991453,21.686324786324786,7.5,27.460683760683764,12.652136752136753,10.20940170940171,5.1478632478632464,2.3188034188034186,16.313675213675214,74.6854700854701,27.84615384615385,63.08461538461539,7.985470085470085,23.56153846153846,11.007692307692306,15.86153846153846,7.485470085470085,24.691452991452994,12.103418803418805,10.288034188034187,5.023931623931625,2.4683760683760685,19.19230769230769,12
2018,1361,15,10,77.24,27.84,60.96,7.76,22.04,13.8,19.08,10.0,25.12,15.04,12.16,6.28,3.16,16.88,68.96,24.48,57.8,7.96,23.52,12.04,16.6,8.04,22.72,13.84,13.28,6.52,3.6,18.24,11
2018,1371,19,9,79.57142857142857,28.857142857142854,61.35714285714285,7.4642857142857135,20.071428571428573,14.392857142857142,21.214285714285715,11.0,24.5,16.035714285714285,12.535714285714285,6.678571428571429,3.821428571428572,18.142857142857142,73.5,26.464285714285715,60.214285714285715,7.678571428571429,21.928571428571423,12.892857142857142,17.785714285714285,8.678571428571429,22.357142857142854,13.107142857142858,13.035714285714285,5.928571428571429,3.4642857142857144,19.571428571428573,8
2018,1372,19,5,79.79166666666667,28.04166666666667,58.375,7.083333333333332,18.416666666666668,16.625,23.91666666666667,9.375,21.20833333333333,13.791666666666664,14.875,9.791666666666666,2.4166666666666665,22.58333333333333,70.29166666666667,22.20833333333333,50.54166666666666,7.25,19.75,18.625,26.83333333333333,8.166666666666666,21.0,13.083333333333336,19.45833333333333,7.416666666666668,4.208333333333333,21.25,14
2018,1382,21,6,77.19753086419753,26.222222222222218,57.81069958847736,7.415637860082304,18.703703703703702,17.33744855967078,22.60905349794239,9.123456790123457,23.522633744855966,14.205761316872428,11.197530864197528,7.094650205761316,3.5432098765432096,20.016460905349795,69.43209876543209,23.222222222222218,55.41975308641975,7.0246913580246915,22.625514403292183,15.962962962962965,22.514403292181072,8.366255144032921,21.884773662551442,12.851851851851851,14.308641975308644,5.226337448559671,4.111111111111111,19.390946502057613,11
2018,1393,18,10,67.64682539682539,23.06031746031746,53.795238095238105,5.56984126984127,17.31904761904762,15.956349206349206,21.93492063492064,10.017460317460316,23.56111111111111,11.169047619047618,11.669841269841271,7.400793650793651,5.576984126984127,15.807142857142859,62.69126984126984,21.303968253968254,54.36269841269842,8.064285714285715,24.23968253968254,12.01904761904762,16.475396825396825,8.251587301587303,19.66507936507936,15.776190476190473,12.209523809523807,5.954761904761903,3.1349206349206344,18.166666666666668,11
2018,1395,19,9,83.20079365079366,30.173809523809535,59.84999999999999,8.634920634920634,20.953968253968245,14.218253968253968,19.964285714285715,9.471428571428572,23.65238095238095,19.120634920634924,12.111904761904762,6.564285714285715,3.5396825396825387,16.669047619047618,75.50714285714288,26.999206349206357,58.936507936507944,8.57063492063492,22.414285714285718,12.938095238095238,17.86031746031746,7.356349206349206,19.483333333333327,15.870634920634926,12.080952380952382,5.8809523809523805,4.192063492063492,18.28174603174603,6
2018,1397,20,7,73.96296296296295,25.26748971193416,57.15637860082305,7.806584362139918,20.61728395061729,15.621399176954732,20.76954732510288,9.901234567901236,22.707818930041157,15.872427983539096,11.814814814814815,6.5390946502057625,4.748971193415637,19.646090534979425,66.30041152263374,22.477366255144034,54.58024691358025,6.5555555555555545,19.991769547325106,14.790123456790125,20.835390946502052,9.057613168724279,21.769547325102877,11.502057613168724,13.621399176954732,5.695473251028807,3.0288065843621403,19.592592592592588,3
2018,1400,16,12,69.31904761904761,24.869047619047624,56.858730158730154,6.6682539682539685,21.615873015873017,12.912698412698411,19.36190476190476,8.958730158730157,23.660317460317454,11.214285714285712,11.3031746031746,5.831746031746032,5.109523809523808,15.757936507936508,65.10079365079365,23.68650793650793,57.50714285714286,6.475396825396826,20.239682539682537,11.252380952380948,15.476984126984124,8.56904761904762,23.223809523809532,11.2031746031746,11.896031746031747,5.3246031746031734,2.603968253968254,17.524603174603175,10
2018,1401,17,11,75.42857142857143,28.07142857142857,60.964285714285715,6.678571428571429,20.428571428571427,12.607142857142858,18.678571428571427,11.0,27.07142857142857,16.142857142857142,13.535714285714285,5.642857142857142,5.892857142857142,16.464285714285715,69.85714285714286,25.035714285714285,62.14285714285714,7.5357142857142865,23.42857142857143,12.25,17.857142857142858,9.5,22.214285714285715,14.5,10.928571428571427,6.357142857142858,4.107142857142857,17.178571428571427,7
2018,1403,22,6,75.17063492063492,26.27380952380952,56.404761904761905,6.857142857142858,19.226190476190478,15.765873015873014,22.309523809523807,9.369047619047619,23.0,13.674603174603176,12.075396825396824,7.936507936507938,4.027777777777779,17.996031746031747,62.523809523809526,20.87698412698413,52.79365079365079,6.484126984126982,20.595238095238095,14.285714285714285,20.472222222222218,7.765873015873018,19.90079365079365,9.575396825396824,15.690476190476188,5.78968253968254,3.388888888888889,20.813492063492067,3
2018,1411,8,19,73.73251028806584,24.633744855967077,57.65432098765432,7.139917695473253,21.16872427983539,17.325102880658434,24.514403292181072,8.362139917695472,23.48148148148148,11.156378600823043,13.074074074074074,5.300411522633745,3.716049382716049,17.89300411522634,80.22222222222223,29.074074074074073,63.13580246913581,8.238683127572015,21.925925925925927,13.835390946502061,20.14814814814815,9.925925925925926,24.93827160493827,15.851851851851851,11.436213991769547,5.304526748971194,4.05761316872428,21.078189300411523,16
2018,1417,19,9,80.64999999999998,27.642857142857146,59.49365079365079,8.773809523809524,23.16111111111111,16.59047619047619,22.857142857142854,9.412698412698411,26.51825396825397,15.015873015873014,11.80079365079365,5.807142857142857,3.970634920634921,17.245238095238097,74.46587301587302,26.625396825396823,62.86031746031746,8.630158730158731,24.976984126984124,12.584920634920636,18.053174603174604,9.361904761904762,23.120634920634924,13.934126984126985,10.438888888888886,5.946031746031747,2.373809523809524,19.46507936507936,11
2018,1420,16,10,72.03846153846153,25.30769230769231,58.384615384615394,9.846153846153848,26.19230769230769,11.576923076923075,17.53846153846154,7.8076923076923075,22.115384615384613,14.5,11.461538461538463,7.461538461538463,2.5,16.346153846153847,72.03846153846153,25.884615384615387,57.07692307692307,8.576923076923077,23.34615384615385,11.692307692307693,16.96153846153846,9.192307692307693,25.423076923076927,13.538461538461537,14.192307692307693,6.307692307692308,2.8846153846153846,18.96153846153846,16
2018,1422,19,7,70.78826728826729,25.185003885003876,56.99696969696969,9.55042735042735,26.11950271950272,10.867832167832168,15.574048174048176,9.965112665112663,22.344055944055942,13.886557886557886,13.1986013986014,7.477777777777778,3.5255633255633256,18.23760683760684,62.76200466200465,20.761383061383068,49.63177933177933,6.569153069153068,19.977544677544678,14.670085470085471,20.335508935508933,6.4616161616161625,21.195182595182594,9.965656565656566,13.691064491064491,6.778477078477078,2.435431235431236,16.029448329448332,13
2018,1437,25,3,87.64285714285714,31.285714285714285,61.03571428571429,11.285714285714285,27.892857142857146,13.785714285714285,18.142857142857142,7.7857142857142865,24.32142857142857,16.714285714285715,10.0,6.7857142857142865,4.107142857142857,15.857142857142858,70.57142857142857,26.25,60.28571428571429,6.928571428571429,20.892857142857142,11.142857142857142,15.142857142857142,7.5357142857142865,21.142857142857142,13.892857142857142,13.0,4.607142857142857,2.6785714285714284,17.678571428571427,1
2018,1438,25,2,67.30864197530865,24.913580246913575,53.971193415637856,7.473251028806584,19.43621399176955,10.008230452674898,13.111111111111109,6.967078189300412,22.522633744855966,13.609053497942385,8.390946502057611,7.049382716049383,3.8436213991769534,13.658436213991768,52.452674897119344,19.05761316872428,50.2716049382716,5.843621399176954,19.695473251028808,8.493827160493828,11.893004115226336,7.275720164609053,20.60082304526749,8.572016460905349,13.106995884773664,4.020576131687243,2.736625514403292,14.876543209876544,1
2018,1439,20,8,80.73412698412699,28.44444444444445,56.19047619047621,8.880952380952381,22.301587301587297,14.964285714285712,21.035714285714285,6.428571428571429,24.329365079365076,16.761904761904766,11.65079365079365,5.706349206349207,2.3452380952380953,15.376984126984127,71.19841269841271,25.559523809523807,60.01587301587301,8.559523809523808,25.107142857142854,11.519841269841269,16.591269841269842,9.253968253968251,22.41269841269841,13.349206349206352,12.301587301587302,5.44047619047619,3.809523809523809,17.535714285714285,8
2018,1452,20,8,80.17857142857143,27.92857142857143,64.35714285714286,8.964285714285714,25.535714285714285,15.357142857142858,20.0,12.5,22.357142857142854,15.321428571428573,11.392857142857142,8.285714285714286,5.285714285714286,21.285714285714285,68.07142857142857,21.892857142857146,52.964285714285715,7.107142857142858,19.928571428571427,17.178571428571427,23.857142857142854,9.107142857142858,22.964285714285715,11.892857142857142,16.821428571428573,5.571428571428571,3.8928571428571432,19.035714285714285,5
2018,1455,22,5,83.86008230452674,29.551440329218106,61.127572016460896,9.374485596707821,23.93004115226337,15.382716049382715,20.954732510288068,10.17283950617284,26.8641975308642,18.781893004115226,11.304526748971195,4.761316872427983,4.148148148148148,17.514403292181072,70.55555555555556,24.40329218106996,58.58024691358025,8.222222222222221,23.4238683127572,13.526748971193413,18.604938271604933,6.613168724279835,20.185185185185187,10.66255144032922,11.699588477366257,5.917695473251028,3.320987654320988,19.995884773662556,4
2018,1460,19,8,70.4074074074074,24.625514403292183,56.60493827160494,6.77366255144033,19.8641975308642,14.382716049382715,20.366255144032927,8.40329218106996,24.419753086419753,12.975308641975307,13.037037037037035,6.975308641975308,2.3703703703703702,15.839506172839506,65.58847736625515,23.201646090534982,55.794238683127574,7.724279835390947,22.213991769547327,11.460905349794238,16.267489711934154,7.962962962962963,23.16872427983539,11.790123456790125,15.11934156378601,6.074074074074074,2.6296296296296298,19.814814814814813,14
2018,1462,25,4,84.49808429118774,29.118773946360154,58.48659003831418,7.954022988505748,21.18390804597701,18.306513409961692,23.52873563218391,8.226053639846743,27.10727969348659,16.762452107279696,12.229885057471266,5.662835249042145,2.984674329501916,16.689655172413794,74.7088122605364,27.05747126436782,62.75478927203065,9.111111111111109,26.13793103448276,11.482758620689655,15.528735632183906,7.743295019157088,21.42145593869732,14.570881226053642,11.06513409961686,6.655172413793102,3.647509578544061,20.86206896551724,1
